"Could not complete sign-in with %1. Please try again.","Die Anmeldung mit %1 konnte nicht abgeschlossen werden. Bitte versuchen Sie es erneut."
"Could not read your %1 profile. Please try again.","Ihr %1-Profil konnte nicht gelesen werden. Bitte versuchen Sie es erneut."
"Invalid or expired request. Please try signing in again.","Ungültige oder abgelaufene Anfrage. Bitte melden Sie sich erneut an."
"Your account is already linked to another profile on this network. Sign in with that profile or with your email and password.","Ihr Konto ist bereits mit einem anderen Profil dieses Netzwerks verknüpft. Melden Sie sich mit diesem Profil oder mit E-Mail und Passwort an."
"This profile is already linked to an account. Please try signing in again.","Dieses Profil ist bereits mit einem Konto verknüpft. Bitte versuchen Sie erneut, sich anzumelden."
"Your account is not confirmed yet: check your email and follow the confirmation link.","Ihr Konto ist noch nicht bestätigt: Prüfen Sie Ihre E-Mails und folgen Sie dem Bestätigungslink."
"This sign-in method is not available.","Diese Anmeldemethode ist nicht verfügbar."
"Sign-in with %1 was cancelled.","Die Anmeldung mit %1 wurde abgebrochen."
"Invalid response from %1. Please try signing in again.","Ungültige Antwort von %1. Bitte melden Sie sich erneut an."
"Your sign-in session has expired. Please try again.","Ihre Anmeldesitzung ist abgelaufen. Bitte versuchen Sie es erneut."
"Complete sign-in","Anmeldung abschließen"
"Please enter a valid email address, first name and last name.","Bitte geben Sie eine gültige E-Mail-Adresse, Vorname und Nachname ein."
"An account with this email already exists: sign in with your password to link %1.","Es gibt bereits ein Konto mit dieser E-Mail-Adresse: Melden Sie sich mit Ihrem Passwort an, um %1 zu verknüpfen."
"Account created. Check your email to confirm it, then sign in.","Konto erstellt. Prüfen Sie Ihre E-Mails, um es zu bestätigen, und melden Sie sich dann an."
"Your %1 profile has been linked to your account.","Ihr %1-Profil wurde mit Ihrem Konto verknüpft."
"Continue with %1","Weiter mit %1"
"Or sign in with","Oder anmelden mit"
"%1 did not provide all the required details. Fill in the fields to finish signing in.","%1 hat nicht alle erforderlichen Angaben übermittelt. Füllen Sie die Felder aus, um die Anmeldung abzuschließen."
"Email","E-Mail"
"First Name","Vorname"
"Last Name","Nachname"
"Continue","Weiter"
"General Settings","Allgemeine Einstellungen"
"Enabled","Aktiviert"
"Client ID","Client ID"
"Client Secret","Client Secret"
"Redirect URI","Redirect URI"
"App ID","App ID"
"App Secret","App Secret"
"Graph API Version","Graph-API-Version"
"Instagram App ID","Instagram App ID"
"Instagram App Secret","Instagram App Secret"
"Google Cloud Console → APIs & Services → Credentials → OAuth 2.0 Client ID (type ""Web application"").","Google Cloud Console → APIs & Dienste → Anmeldedaten → OAuth 2.0-Client-ID (Typ ""Webanwendung"")."
"Copy it into ""Authorized redirect URIs"".","In ""Autorisierte Weiterleitungs-URIs"" einfügen."
"Meta for Developers → your app → App settings → Basic.","Meta for Developers → Ihre App → App-Einstellungen → Allgemeines."
"Format vNN.0. Update it when Meta retires the version in use.","Format vNN.0. Aktualisieren, wenn Meta die verwendete Version einstellt."
"Copy it into Facebook Login → Settings → ""Valid OAuth Redirect URIs"".","In Facebook Login → Einstellungen → ""Gültige OAuth Redirect URIs"" einfügen."
"linkedin.com/developers → your app → Auth. Requires the ""Sign In with LinkedIn using OpenID Connect"" product.","linkedin.com/developers → Ihre App → Auth. Erfordert das Produkt ""Sign In with LinkedIn using OpenID Connect""."
"Copy it into Auth → ""Authorized redirect URLs for your app"".","In Auth → ""Authorized redirect URLs for your app"" einfügen."
"Works only with Instagram Business or Creator accounts and does not provide the email address: on first sign-in the customer enters it in a form.","Funktioniert nur mit Instagram-Business- oder Creator-Konten und liefert keine E-Mail-Adresse: Bei der ersten Anmeldung gibt der Kunde sie in einem Formular ein."
"Meta for Developers → your app → Instagram → ""API setup with Instagram login"".","Meta for Developers → Ihre App → Instagram → ""API setup with Instagram login""."
"Format vNN.0.","Format vNN.0."
"Copy it into ""Business login settings"" → ""OAuth redirect URIs"". Must be HTTPS.","In ""Business login settings"" → ""OAuth redirect URIs"" einfügen. Muss HTTPS sein."
