"Could not complete sign-in with %1. Please try again.","Could not complete sign-in with %1. Please try again."
"Could not read your %1 profile. Please try again.","Could not read your %1 profile. Please try again."
"Invalid or expired request. Please try signing in again.","Invalid or expired request. Please try signing in again."
"Your account is already linked to another profile on this network. Sign in with that profile or with your email and password.","Your account is already linked to another profile on this network. Sign in with that profile or with your email and password."
"This profile is already linked to an account. Please try signing in again.","This profile is already linked to an account. Please try signing in again."
"Your account is not confirmed yet: check your email and follow the confirmation link.","Your account is not confirmed yet: check your email and follow the confirmation link."
"This sign-in method is not available.","This sign-in method is not available."
"Sign-in with %1 was cancelled.","Sign-in with %1 was cancelled."
"Invalid response from %1. Please try signing in again.","Invalid response from %1. Please try signing in again."
"Your sign-in session has expired. Please try again.","Your sign-in session has expired. Please try again."
"Complete sign-in","Complete sign-in"
"Please enter a valid email address, first name and last name.","Please enter a valid email address, first name and last name."
"An account with this email already exists: sign in with your password to link %1.","An account with this email already exists: sign in with your password to link %1."
"Account created. Check your email to confirm it, then sign in.","Account created. Check your email to confirm it, then sign in."
"Your %1 profile has been linked to your account.","Your %1 profile has been linked to your account."
"Continue with %1","Continue with %1"
"Or sign in with","Or sign in with"
"%1 did not provide all the required details. Fill in the fields to finish signing in.","%1 did not provide all the required details. Fill in the fields to finish signing in."
"Email","Email"
"First Name","First Name"
"Last Name","Last Name"
"Continue","Continue"
"General Settings","General Settings"
"Enabled","Enabled"
"Client ID","Client ID"
"Client Secret","Client Secret"
"Redirect URI","Redirect URI"
"App ID","App ID"
"App Secret","App Secret"
"Graph API Version","Graph API Version"
"Instagram App ID","Instagram App ID"
"Instagram App Secret","Instagram App Secret"
"Google Cloud Console → APIs & Services → Credentials → OAuth 2.0 Client ID (type ""Web application"").","Google Cloud Console → APIs & Services → Credentials → OAuth 2.0 Client ID (type ""Web application"")."
"Copy it into ""Authorized redirect URIs"".","Copy it into ""Authorized redirect URIs""."
"Meta for Developers → your app → App settings → Basic.","Meta for Developers → your app → App settings → Basic."
"Format vNN.0. Update it when Meta retires the version in use.","Format vNN.0. Update it when Meta retires the version in use."
"Copy it into Facebook Login → Settings → ""Valid OAuth Redirect URIs"".","Copy it into Facebook Login → Settings → ""Valid OAuth Redirect URIs""."
"linkedin.com/developers → your app → Auth. Requires the ""Sign In with LinkedIn using OpenID Connect"" product.","linkedin.com/developers → your app → Auth. Requires the ""Sign In with LinkedIn using OpenID Connect"" product."
"Copy it into Auth → ""Authorized redirect URLs for your app"".","Copy it into Auth → ""Authorized redirect URLs for your app""."
"Works only with Instagram Business or Creator accounts and does not provide the email address: on first sign-in the customer enters it in a form.","Works only with Instagram Business or Creator accounts and does not provide the email address: on first sign-in the customer enters it in a form."
"Meta for Developers → your app → Instagram → ""API setup with Instagram login"".","Meta for Developers → your app → Instagram → ""API setup with Instagram login""."
"Format vNN.0.","Format vNN.0."
"Copy it into ""Business login settings"" → ""OAuth redirect URIs"". Must be HTTPS.","Copy it into ""Business login settings"" → ""OAuth redirect URIs"". Must be HTTPS."
