"Could not complete sign-in with %1. Please try again.","No se ha podido completar el inicio de sesión con %1. Inténtalo de nuevo."
"Could not read your %1 profile. Please try again.","No se ha podido leer tu perfil de %1. Inténtalo de nuevo."
"Invalid or expired request. Please try signing in again.","Solicitud no válida o caducada. Vuelve a iniciar sesión."
"Your account is already linked to another profile on this network. Sign in with that profile or with your email and password.","Tu cuenta ya está vinculada a otro perfil de esta red. Inicia sesión con ese perfil o con tu email y contraseña."
"This profile is already linked to an account. Please try signing in again.","Este perfil ya está vinculado a una cuenta. Vuelve a intentar iniciar sesión."
"Your account is not confirmed yet: check your email and follow the confirmation link.","Tu cuenta aún no está confirmada: revisa tu email y sigue el enlace de confirmación."
"This sign-in method is not available.","Este método de inicio de sesión no está disponible."
"Sign-in with %1 was cancelled.","Se ha cancelado el inicio de sesión con %1."
"Invalid response from %1. Please try signing in again.","Respuesta no válida de %1. Vuelve a iniciar sesión."
"Your sign-in session has expired. Please try again.","Tu sesión de inicio de sesión ha caducado. Inténtalo de nuevo."
"Complete sign-in","Completar el inicio de sesión"
"Please enter a valid email address, first name and last name.","Introduce un email válido, el nombre y los apellidos."
"An account with this email already exists: sign in with your password to link %1.","Ya existe una cuenta con este email: inicia sesión con tu contraseña para vincular %1."
"Account created. Check your email to confirm it, then sign in.","Cuenta creada. Revisa tu email para confirmarla y después inicia sesión."
"Your %1 profile has been linked to your account.","Tu perfil de %1 se ha vinculado a tu cuenta."
"Continue with %1","Continuar con %1"
"Or sign in with","O inicia sesión con"
"%1 did not provide all the required details. Fill in the fields to finish signing in.","%1 no nos ha proporcionado todos los datos necesarios. Completa los campos para terminar de iniciar sesión."
"Email","Email"
"First Name","Nombre"
"Last Name","Apellidos"
"Continue","Continuar"
"General Settings","Configuración general"
"Enabled","Habilitado"
"Client ID","Client ID"
"Client Secret","Client Secret"
"Redirect URI","Redirect URI"
"App ID","App ID"
"App Secret","App Secret"
"Graph API Version","Versión de Graph API"
"Instagram App ID","Instagram App ID"
"Instagram App Secret","Instagram App Secret"
"Google Cloud Console → APIs & Services → Credentials → OAuth 2.0 Client ID (type ""Web application"").","Google Cloud Console → API y servicios → Credenciales → ID de cliente de OAuth 2.0 (tipo ""Aplicación web"")."
"Copy it into ""Authorized redirect URIs"".","Cópiala en ""URIs de redireccionamiento autorizados""."
"Meta for Developers → your app → App settings → Basic.","Meta for Developers → tu app → Configuración de la app → Básica."
"Format vNN.0. Update it when Meta retires the version in use.","Formato vNN.0. Actualízala cuando Meta retire la versión en uso."
"Copy it into Facebook Login → Settings → ""Valid OAuth Redirect URIs"".","Cópiala en Facebook Login → Configuración → ""URI de redireccionamiento de OAuth válidos""."
"linkedin.com/developers → your app → Auth. Requires the ""Sign In with LinkedIn using OpenID Connect"" product.","linkedin.com/developers → tu app → Auth. Requiere el producto ""Sign In with LinkedIn using OpenID Connect""."
"Copy it into Auth → ""Authorized redirect URLs for your app"".","Cópiala en Auth → ""Authorized redirect URLs for your app""."
"Works only with Instagram Business or Creator accounts and does not provide the email address: on first sign-in the customer enters it in a form.","Solo funciona con cuentas de Instagram Business o Creator y no proporciona el email: en el primer inicio de sesión el cliente lo introduce en un formulario."
"Meta for Developers → your app → Instagram → ""API setup with Instagram login"".","Meta for Developers → tu app → Instagram → ""API setup with Instagram login""."
"Format vNN.0.","Formato vNN.0."
"Copy it into ""Business login settings"" → ""OAuth redirect URIs"". Must be HTTPS.","Cópiala en ""Business login settings"" → ""OAuth redirect URIs"". Debe ser HTTPS."
