"Could not complete sign-in with %1. Please try again.","Impossible de finaliser la connexion avec %1. Veuillez réessayer."
"Could not read your %1 profile. Please try again.","Impossible de lire votre profil %1. Veuillez réessayer."
"Invalid or expired request. Please try signing in again.","Requête invalide ou expirée. Veuillez vous reconnecter."
"Your account is already linked to another profile on this network. Sign in with that profile or with your email and password.","Votre compte est déjà associé à un autre profil de ce réseau. Connectez-vous avec ce profil ou avec votre e-mail et votre mot de passe."
"This profile is already linked to an account. Please try signing in again.","Ce profil est déjà associé à un compte. Veuillez réessayer de vous connecter."
"Your account is not confirmed yet: check your email and follow the confirmation link.","Votre compte n'est pas encore confirmé : consultez vos e-mails et suivez le lien de confirmation."
"This sign-in method is not available.","Ce mode de connexion n'est pas disponible."
"Sign-in with %1 was cancelled.","La connexion avec %1 a été annulée."
"Invalid response from %1. Please try signing in again.","Réponse invalide de %1. Veuillez vous reconnecter."
"Your sign-in session has expired. Please try again.","Votre session de connexion a expiré. Veuillez réessayer."
"Complete sign-in","Finaliser la connexion"
"Please enter a valid email address, first name and last name.","Veuillez saisir une adresse e-mail valide, un prénom et un nom."
"An account with this email already exists: sign in with your password to link %1.","Un compte existe déjà avec cette adresse e-mail : connectez-vous avec votre mot de passe pour associer %1."
"Account created. Check your email to confirm it, then sign in.","Compte créé. Consultez vos e-mails pour le confirmer, puis connectez-vous."
"Your %1 profile has been linked to your account.","Votre profil %1 a été associé à votre compte."
"Continue with %1","Continuer avec %1"
"Or sign in with","Ou connectez-vous avec"
"%1 did not provide all the required details. Fill in the fields to finish signing in.","%1 ne nous a pas fourni toutes les informations nécessaires. Remplissez les champs pour finaliser la connexion."
"Email","E-mail"
"First Name","Prénom"
"Last Name","Nom"
"Continue","Continuer"
"General Settings","Paramètres généraux"
"Enabled","Activé"
"Client ID","Client ID"
"Client Secret","Client Secret"
"Redirect URI","Redirect URI"
"App ID","App ID"
"App Secret","App Secret"
"Graph API Version","Version de la Graph API"
"Instagram App ID","Instagram App ID"
"Instagram App Secret","Instagram App Secret"
"Google Cloud Console → APIs & Services → Credentials → OAuth 2.0 Client ID (type ""Web application"").","Google Cloud Console → API et services → Identifiants → ID client OAuth 2.0 (type ""Application Web"")."
"Copy it into ""Authorized redirect URIs"".","Copiez-la dans ""URI de redirection autorisés""."
"Meta for Developers → your app → App settings → Basic.","Meta for Developers → votre app → Paramètres de l'app → Général."
"Format vNN.0. Update it when Meta retires the version in use.","Format vNN.0. À mettre à jour lorsque Meta retire la version utilisée."
"Copy it into Facebook Login → Settings → ""Valid OAuth Redirect URIs"".","Copiez-la dans Facebook Login → Paramètres → ""URI de redirection OAuth valides""."
"linkedin.com/developers → your app → Auth. Requires the ""Sign In with LinkedIn using OpenID Connect"" product.","linkedin.com/developers → votre app → Auth. Nécessite le produit ""Sign In with LinkedIn using OpenID Connect""."
"Copy it into Auth → ""Authorized redirect URLs for your app"".","Copiez-la dans Auth → ""Authorized redirect URLs for your app""."
"Works only with Instagram Business or Creator accounts and does not provide the email address: on first sign-in the customer enters it in a form.","Fonctionne uniquement avec les comptes Instagram Business ou Creator et ne fournit pas l'adresse e-mail : lors de la première connexion, le client la saisit dans un formulaire."
"Meta for Developers → your app → Instagram → ""API setup with Instagram login"".","Meta for Developers → votre app → Instagram → ""API setup with Instagram login""."
"Format vNN.0.","Format vNN.0."
"Copy it into ""Business login settings"" → ""OAuth redirect URIs"". Must be HTTPS.","Copiez-la dans ""Business login settings"" → ""OAuth redirect URIs"". Doit être en HTTPS."
