"Could not complete sign-in with %1. Please try again.","Impossibile completare l'accesso con %1. Riprova."
"Could not read your %1 profile. Please try again.","Impossibile leggere il profilo %1. Riprova."
"Invalid or expired request. Please try signing in again.","Richiesta non valida o scaduta. Riprova l'accesso."
"Your account is already linked to another profile on this network. Sign in with that profile or with your email and password.","Il tuo account è già collegato a un altro profilo di questo social. Accedi con quel profilo oppure con email e password."
"This profile is already linked to an account. Please try signing in again.","Questo profilo è già collegato a un account. Riprova l'accesso."
"Your account is not confirmed yet: check your email and follow the confirmation link.","Il tuo account non è ancora confermato: controlla la tua email e segui il link di conferma."
"This sign-in method is not available.","Questo metodo di accesso non è disponibile."
"Sign-in with %1 was cancelled.","Accesso con %1 annullato."
"Invalid response from %1. Please try signing in again.","Risposta di %1 non valida. Riprova l'accesso."
"Your sign-in session has expired. Please try again.","La sessione di accesso è scaduta. Riprova."
"Complete sign-in","Completa l'accesso"
"Please enter a valid email address, first name and last name.","Inserisci un indirizzo email valido, il nome e il cognome."
"An account with this email already exists: sign in with your password to link %1.","Esiste già un account con questa email: accedi con la password per collegare %1."
"Account created. Check your email to confirm it, then sign in.","Account creato. Controlla la tua email per confermarlo, poi accedi."
"Your %1 profile has been linked to your account.","Il tuo profilo %1 è stato collegato all'account."
"Continue with %1","Continua con %1"
"Or sign in with","Oppure accedi con"
"%1 did not provide all the required details. Fill in the fields to finish signing in.","%1 non ci ha fornito tutti i dati necessari. Completa i campi per terminare l'accesso."
"Email","Email"
"First Name","Nome"
"Last Name","Cognome"
"Continue","Continua"
"General Settings","Impostazioni generali"
"Enabled","Abilitato"
"Client ID","Client ID"
"Client Secret","Client Secret"
"Redirect URI","Redirect URI"
"App ID","App ID"
"App Secret","App Secret"
"Graph API Version","Versione Graph API"
"Instagram App ID","Instagram App ID"
"Instagram App Secret","Instagram App Secret"
"Google Cloud Console → APIs & Services → Credentials → OAuth 2.0 Client ID (type ""Web application"").","Google Cloud Console → API e servizi → Credenziali → ID client OAuth 2.0 (tipo ""Applicazione web"")."
"Copy it into ""Authorized redirect URIs"".","Copiala in ""URI di reindirizzamento autorizzati""."
"Meta for Developers → your app → App settings → Basic.","Meta for Developers → la tua app → Impostazioni app → Di base."
"Format vNN.0. Update it when Meta retires the version in use.","Formato vNN.0. Aggiornarla quando Meta dismette la versione in uso."
"Copy it into Facebook Login → Settings → ""Valid OAuth Redirect URIs"".","Copiala in Facebook Login → Impostazioni → ""URI di reindirizzamento OAuth validi""."
"linkedin.com/developers → your app → Auth. Requires the ""Sign In with LinkedIn using OpenID Connect"" product.","linkedin.com/developers → la tua app → Auth. Serve il prodotto ""Sign In with LinkedIn using OpenID Connect""."
"Copy it into Auth → ""Authorized redirect URLs for your app"".","Copiala in Auth → ""Authorized redirect URLs for your app""."
"Works only with Instagram Business or Creator accounts and does not provide the email address: on first sign-in the customer enters it in a form.","Funziona solo con account Instagram Business o Creator e non fornisce l'email: al primo accesso il cliente la inserisce in un form."
"Meta for Developers → your app → Instagram → ""API setup with Instagram login"".","Meta for Developers → la tua app → Instagram → ""API setup with Instagram login""."
"Format vNN.0.","Formato vNN.0."
"Copy it into ""Business login settings"" → ""OAuth redirect URIs"". Must be HTTPS.","Copiala in ""Business login settings"" → ""OAuth redirect URIs"". Deve essere HTTPS."
