"Could not complete sign-in with %1. Please try again.","Inloggen met %1 kon niet worden voltooid. Probeer het opnieuw."
"Could not read your %1 profile. Please try again.","Je %1-profiel kon niet worden gelezen. Probeer het opnieuw."
"Invalid or expired request. Please try signing in again.","Ongeldig of verlopen verzoek. Probeer opnieuw in te loggen."
"Your account is already linked to another profile on this network. Sign in with that profile or with your email and password.","Je account is al gekoppeld aan een ander profiel van dit netwerk. Log in met dat profiel of met je e-mailadres en wachtwoord."
"This profile is already linked to an account. Please try signing in again.","Dit profiel is al aan een account gekoppeld. Probeer opnieuw in te loggen."
"Your account is not confirmed yet: check your email and follow the confirmation link.","Je account is nog niet bevestigd: controleer je e-mail en volg de bevestigingslink."
"This sign-in method is not available.","Deze inlogmethode is niet beschikbaar."
"Sign-in with %1 was cancelled.","Inloggen met %1 is geannuleerd."
"Invalid response from %1. Please try signing in again.","Ongeldig antwoord van %1. Probeer opnieuw in te loggen."
"Your sign-in session has expired. Please try again.","Je inlogsessie is verlopen. Probeer het opnieuw."
"Complete sign-in","Inloggen voltooien"
"Please enter a valid email address, first name and last name.","Vul een geldig e-mailadres, voornaam en achternaam in."
"An account with this email already exists: sign in with your password to link %1.","Er bestaat al een account met dit e-mailadres: log in met je wachtwoord om %1 te koppelen."
"Account created. Check your email to confirm it, then sign in.","Account aangemaakt. Controleer je e-mail om het te bevestigen en log daarna in."
"Your %1 profile has been linked to your account.","Je %1-profiel is gekoppeld aan je account."
"Continue with %1","Doorgaan met %1"
"Or sign in with","Of log in met"
"%1 did not provide all the required details. Fill in the fields to finish signing in.","%1 heeft niet alle benodigde gegevens verstrekt. Vul de velden in om het inloggen te voltooien."
"Email","E-mailadres"
"First Name","Voornaam"
"Last Name","Achternaam"
"Continue","Doorgaan"
"General Settings","Algemene instellingen"
"Enabled","Ingeschakeld"
"Client ID","Client ID"
"Client Secret","Client Secret"
"Redirect URI","Redirect URI"
"App ID","App ID"
"App Secret","App Secret"
"Graph API Version","Graph API-versie"
"Instagram App ID","Instagram App ID"
"Instagram App Secret","Instagram App Secret"
"Google Cloud Console → APIs & Services → Credentials → OAuth 2.0 Client ID (type ""Web application"").","Google Cloud Console → API's en services → Inloggegevens → OAuth 2.0-client-ID (type ""Webapplicatie"")."
"Copy it into ""Authorized redirect URIs"".","Kopieer deze naar ""Geautoriseerde omleidings-URI's""."
"Meta for Developers → your app → App settings → Basic.","Meta for Developers → je app → App-instellingen → Basis."
"Format vNN.0. Update it when Meta retires the version in use.","Formaat vNN.0. Bijwerken wanneer Meta de gebruikte versie uitfaseert."
"Copy it into Facebook Login → Settings → ""Valid OAuth Redirect URIs"".","Kopieer deze naar Facebook Login → Instellingen → ""Geldige OAuth-omleidings-URI's""."
"linkedin.com/developers → your app → Auth. Requires the ""Sign In with LinkedIn using OpenID Connect"" product.","linkedin.com/developers → je app → Auth. Vereist het product ""Sign In with LinkedIn using OpenID Connect""."
"Copy it into Auth → ""Authorized redirect URLs for your app"".","Kopieer deze naar Auth → ""Authorized redirect URLs for your app""."
"Works only with Instagram Business or Creator accounts and does not provide the email address: on first sign-in the customer enters it in a form.","Werkt alleen met Instagram Business- of Creator-accounts en levert geen e-mailadres: bij de eerste keer inloggen vult de klant dit in een formulier in."
"Meta for Developers → your app → Instagram → ""API setup with Instagram login"".","Meta for Developers → je app → Instagram → ""API setup with Instagram login""."
"Format vNN.0.","Formaat vNN.0."
"Copy it into ""Business login settings"" → ""OAuth redirect URIs"". Must be HTTPS.","Kopieer deze naar ""Business login settings"" → ""OAuth redirect URIs"". Moet HTTPS zijn."
