"Could not complete sign-in with %1. Please try again.","Não foi possível concluir o login com %1. Tente novamente."
"Could not read your %1 profile. Please try again.","Não foi possível ler seu perfil do %1. Tente novamente."
"Invalid or expired request. Please try signing in again.","Solicitação inválida ou expirada. Tente fazer login novamente."
"Your account is already linked to another profile on this network. Sign in with that profile or with your email and password.","Sua conta já está vinculada a outro perfil desta rede. Faça login com esse perfil ou com seu e-mail e senha."
"This profile is already linked to an account. Please try signing in again.","Este perfil já está vinculado a uma conta. Tente fazer login novamente."
"Your account is not confirmed yet: check your email and follow the confirmation link.","Sua conta ainda não foi confirmada: verifique seu e-mail e siga o link de confirmação."
"This sign-in method is not available.","Este método de login não está disponível."
"Sign-in with %1 was cancelled.","O login com %1 foi cancelado."
"Invalid response from %1. Please try signing in again.","Resposta inválida de %1. Tente fazer login novamente."
"Your sign-in session has expired. Please try again.","Sua sessão de login expirou. Tente novamente."
"Complete sign-in","Concluir login"
"Please enter a valid email address, first name and last name.","Informe um e-mail válido, o nome e o sobrenome."
"An account with this email already exists: sign in with your password to link %1.","Já existe uma conta com este e-mail: faça login com sua senha para vincular %1."
"Account created. Check your email to confirm it, then sign in.","Conta criada. Verifique seu e-mail para confirmá-la e depois faça login."
"Your %1 profile has been linked to your account.","Seu perfil do %1 foi vinculado à sua conta."
"Continue with %1","Continuar com %1"
"Or sign in with","Ou entre com"
"%1 did not provide all the required details. Fill in the fields to finish signing in.","%1 não nos forneceu todos os dados necessários. Preencha os campos para concluir o login."
"Email","E-mail"
"First Name","Nome"
"Last Name","Sobrenome"
"Continue","Continuar"
"General Settings","Configurações gerais"
"Enabled","Ativado"
"Client ID","Client ID"
"Client Secret","Client Secret"
"Redirect URI","Redirect URI"
"App ID","App ID"
"App Secret","App Secret"
"Graph API Version","Versão da Graph API"
"Instagram App ID","Instagram App ID"
"Instagram App Secret","Instagram App Secret"
"Google Cloud Console → APIs & Services → Credentials → OAuth 2.0 Client ID (type ""Web application"").","Google Cloud Console → APIs e serviços → Credenciais → ID do cliente OAuth 2.0 (tipo ""Aplicativo da Web"")."
"Copy it into ""Authorized redirect URIs"".","Copie-a em ""URIs de redirecionamento autorizados""."
"Meta for Developers → your app → App settings → Basic.","Meta for Developers → seu app → Configurações do app → Básico."
"Format vNN.0. Update it when Meta retires the version in use.","Formato vNN.0. Atualize quando a Meta descontinuar a versão em uso."
"Copy it into Facebook Login → Settings → ""Valid OAuth Redirect URIs"".","Copie-a em Facebook Login → Configurações → ""URIs de redirecionamento do OAuth válidos""."
"linkedin.com/developers → your app → Auth. Requires the ""Sign In with LinkedIn using OpenID Connect"" product.","linkedin.com/developers → seu app → Auth. Requer o produto ""Sign In with LinkedIn using OpenID Connect""."
"Copy it into Auth → ""Authorized redirect URLs for your app"".","Copie-a em Auth → ""Authorized redirect URLs for your app""."
"Works only with Instagram Business or Creator accounts and does not provide the email address: on first sign-in the customer enters it in a form.","Funciona apenas com contas do Instagram Business ou Creator e não fornece o e-mail: no primeiro login o cliente o informa em um formulário."
"Meta for Developers → your app → Instagram → ""API setup with Instagram login"".","Meta for Developers → seu app → Instagram → ""API setup with Instagram login""."
"Format vNN.0.","Formato vNN.0."
"Copy it into ""Business login settings"" → ""OAuth redirect URIs"". Must be HTTPS.","Copie-a em ""Business login settings"" → ""OAuth redirect URIs"". Deve ser HTTPS."
