"Could not complete sign-in with %1. Please try again.","无法完成 %1 登录，请重试。"
"Could not read your %1 profile. Please try again.","无法读取您的 %1 资料，请重试。"
"Invalid or expired request. Please try signing in again.","请求无效或已过期，请重新登录。"
"Your account is already linked to another profile on this network. Sign in with that profile or with your email and password.","您的账户已关联此平台的另一个资料。请使用该资料登录，或使用邮箱和密码登录。"
"This profile is already linked to an account. Please try signing in again.","此个人资料已关联到一个账户，请重新尝试登录。"
"Your account is not confirmed yet: check your email and follow the confirmation link.","您的账户尚未确认：请查收邮件并点击确认链接。"
"This sign-in method is not available.","此登录方式不可用。"
"Sign-in with %1 was cancelled.","已取消 %1 登录。"
"Invalid response from %1. Please try signing in again.","%1 返回的响应无效，请重新登录。"
"Your sign-in session has expired. Please try again.","您的登录会话已过期，请重试。"
"Complete sign-in","完成登录"
"Please enter a valid email address, first name and last name.","请输入有效的邮箱地址、名字和姓氏。"
"An account with this email already exists: sign in with your password to link %1.","此邮箱已存在账户：请使用密码登录以关联 %1。"
"Account created. Check your email to confirm it, then sign in.","账户已创建。请查收邮件确认账户，然后登录。"
"Your %1 profile has been linked to your account.","您的 %1 资料已关联到您的账户。"
"Continue with %1","使用 %1 继续"
"Or sign in with","或使用以下方式登录"
"%1 did not provide all the required details. Fill in the fields to finish signing in.","%1 未提供所有必需信息。请填写以下字段以完成登录。"
"Email","邮箱"
"First Name","名字"
"Last Name","姓氏"
"Continue","继续"
"General Settings","常规设置"
"Enabled","启用"
"Client ID","Client ID"
"Client Secret","Client Secret"
"Redirect URI","Redirect URI"
"App ID","App ID"
"App Secret","App Secret"
"Graph API Version","Graph API 版本"
"Instagram App ID","Instagram App ID"
"Instagram App Secret","Instagram App Secret"
"Google Cloud Console → APIs & Services → Credentials → OAuth 2.0 Client ID (type ""Web application"").","Google Cloud Console → API 和服务 → 凭据 → OAuth 2.0 客户端 ID（类型“Web 应用”）。"
"Copy it into ""Authorized redirect URIs"".","将其复制到“已获授权的重定向 URI”。"
"Meta for Developers → your app → App settings → Basic.","Meta for Developers → 您的应用 → 应用设置 → 基本。"
"Format vNN.0. Update it when Meta retires the version in use.","格式 vNN.0。Meta 停用当前版本时请更新。"
"Copy it into Facebook Login → Settings → ""Valid OAuth Redirect URIs"".","将其复制到 Facebook Login → 设置 → “有效的 OAuth 重定向 URI”。"
"linkedin.com/developers → your app → Auth. Requires the ""Sign In with LinkedIn using OpenID Connect"" product.","linkedin.com/developers → 您的应用 → Auth。需要“Sign In with LinkedIn using OpenID Connect”产品。"
"Copy it into Auth → ""Authorized redirect URLs for your app"".","将其复制到 Auth → “Authorized redirect URLs for your app”。"
"Works only with Instagram Business or Creator accounts and does not provide the email address: on first sign-in the customer enters it in a form.","仅适用于 Instagram Business 或 Creator 账户，且不提供邮箱：首次登录时由客户在表单中填写。"
"Meta for Developers → your app → Instagram → ""API setup with Instagram login"".","Meta for Developers → 您的应用 → Instagram → “API setup with Instagram login”。"
"Format vNN.0.","格式 vNN.0。"
"Copy it into ""Business login settings"" → ""OAuth redirect URIs"". Must be HTTPS.","将其复制到“Business login settings” → “OAuth redirect URIs”。必须使用 HTTPS。"
